Chapter	Question	A	B	C	D	Answer	Explanation
1	다음 중 경제학의 정의로 가장 적절한 것은?	돈을 버는 방법을 연구하는 학문	한 사회가 희소한 자원을 어떻게 관리하는지 연구하는 학문	물가와 금리의 변화를 예측하는 학문	주식과 채권 투자 전략을 제시하는 학문	B	경제학은 희소성(scarcity)이라는 기본 문제에서 출발한다. 제한된 자원을 어떻게 배분할 것인가를 연구한다. ①은 경제학의 일부 응용일 뿐 정의가 아니고, ③④는 경제학의 특정 분야일 뿐이다.
1	희소성(Scarcity)의 정의로 올바른 것은?	모든 사람이 원하는 것을 다 가질 수 없는 상태	자원의 유한성으로 인해 모든 선택에 대가가 있는 상태	경제가 어려워서 물품이 부족한 상태	부자와 빈자의 격차가 크지 않은 상태	B	희소성은 자원의 절대적 부족을 의미한다. 이로 인해 모든 선택에는 기회비용이 발생한다. ①은 희소성의 한 측면이지만 정의로는 부정확하고, ③은 경제 상황에 따른 일시적 부족, ④는 형평성과 관련된 다른 개념이다.
1	다음 중 기회비용(Opportunity Cost)의 예시로 가장 적절한 것은?	장학금으로 받은 1,000만원	대학 진학을 선택함으로써 포기한 취업의 기회	내가 벌 수 있는 월급	학교에 납부한 등록금	B	기회비용은 어떤 선택을 했을 때 포기한 다른 선택의 가치이다. 대학을 가기로 결정했을 때 포기한 것은 "지금 당장 취업하는 것"이다. ①④는 실제 비용(明示的 비용)이고, ③는 기회비용의 일부이지만 가장 직접적인 예시는 아니다.
1	다음 중 매몰비용(Sunk Cost)의 예시로 올바른 것은?	반값 할인권을 사용하여 영화관에 들어갔을 때, 영화가 재미없으면 중도 퇴장하기	이미 지불한 영화표 가격이 중도 퇴장 결정에 영향을 미치지 않는다	반값 할인권을 또 구매하는 데 드는 비용	장래에 영화관에서 추가로 지출할 예정인 금액	B	매몰비용은 이미 지출되어 돌이킬 수 없는 비용이므로, 의사결정에 영향을 주지 않아야 한다. ②가 매몰비용을 올바르게 설명한다. ①은 이미 지불한 표값의 영향을 받는 잘못된 결정이고, ③④는 미래의 비용이라 매몰비용이 아니다.
1	경제적 유인(Incentive)의 예로 가장 적절한 것은?	부모님이 자녀의 성적 향상을 위해 상금을 제시하기	교사가 학생들에게 시험을 보기	학생이 공부가 싫어서 학원을 빠지기	학교의 교육과정이 변경되기	A	유인은 보상이나 벌칙을 통해 행동을 변화시키는 것이다. ①은 상금이라는 긍정적 유인이 자녀의 공부 의욕을 자극하는 예이다. ②③④는 유인의 정의를 만족하지 않는다.
1	다음 중 정부가 시장실패를 해결해야 한다고 주장하는 근거로 가장 부적절한 것은?	외부효과(Externality)의 존재	시장지배력(Market Power)의 행사	국내 기업들이 국제 시장에서 경쟁하기 위함	공해 방지를 위한 환경 규제	C	시장실패의 원인은 외부효과와 시장지배력이다. ③은 국가의 경쟁력 강화를 위한 산업정책으로, 시장실패 해결과는 다른 이유이다. 또한 정부가 항상 개입이 효율적인 것은 아니며, 이는 정부실패의 가능성도 있다.
1	효율성(Efficiency)과 형평성(Equity)의 관계로 올바른 것은?	효율적인 배분은 항상 공정하다	공정한 배분은 항상 효율적이다	효율성과 형평성은 서로 독립적이며, 상충관계가 있을 수 있다	효율성과 형평성은 같은 의미의 단어이다	C	효율성은 총잉여의 극대화를, 형평성은 자원 분배의 공정성을 의미한다. 이 둘은 다른 목표이며 상충할 수 있다. 예를 들어, 일부가 대부분의 부를 가져도 총잉여는 최대일 수 있지만 형평성은 매우 낮다.
1	시장경제(Market Economy)와 계획경제(Planned Economy)의 가장 큰 차이점은?	시장경제는 물가가 높고, 계획경제는 물가가 낮다	시장경제는 개인의 자유로운 선택에 의해, 계획경제는 정부의 지시에 의해 경제가 조직된다	시장경제는 선진국에서만 가능하고, 계획경제는 모든 국가에서 가능하다	시장경제는 효율적이고, 계획경제는 항상 비효율적이다	B	시장경제의 핵심은 개인의 자유로운 의사결정에 의해 가격 메커니즘을 통해 경제가 조직되는 것이다. 계획경제는 정부가 중앙에서 모든 경제활동을 지시한다. ①③④는 일반화된 선언이 아니다.
1	다음 상황을 읽고, 경제적 의사결정의 기본원리를 적용하시오.** 학생 A는 토요일 오전에 아르바이트(시간당 20,000원)를 할 수도 있고, 친구들과 영화를 볼 수도 있다(영화표 18,000원). 이 경우 영화를 보기로 결정했을 때의 기회비용은? ① 18,000원 ② 20,000원 ③ 38,000원 ④ 기회비용은 없다 정답: ② 해설: 기회비용은 영화를 보기로 결정했을 때 포기한 것의 가치이다. 즉, 벌 수 있는 아르바이트비(20,000원)가 기회비용이다. 영화표 비용(18,000원)은 이미 지출한 실제 비용이지 기회비용이 아니다. --- **10. 어떤 상황에서 정부의 개입이 시장의 성과를 개선할 수 있는가?	시장지배력이 없는 완전경쟁시장일 때	외부효과와 시장지배력 때문에 시장실패가 발생했을 때	국민의 생활수준이 높아질 때	무역량이 증가할 때	B	시장실패는 시장지배력(독점 등)이나 외부효과(공해, 기술 개발의 긍정적 효과 등)로 인해 발생한다. 정부가 이를 해결할 수 있다. ①은 이미 효율적인 상태이고, ③④는 정부 개입의 근거가 아니다.
1	한 나라의 생활수준이 높아지려면?	통화량을 계속 증가시켜야 한다	정부의 규모를 계속 키워야 한다	생산성을 향상시켜야 한다	물가를 계속 낮춰야 한다	C	경제학의 원리 8에서 다룬 내용이다. "생활수준은 생산능력에 달려 있다." 생산성 향상은 교육, 기술 투자, 자본 축적을 통해 이루어진다.
1	인플레이션(Inflation)과 하이퍼인플레이션(Hyperinflation)의 차이는?	인플레이션은 물가가 약간 오르는 것이고, 하이퍼인플레이션은 물가가 많이 오르는 것이다	인플레이션은 선진국에서 발생하고, 하이퍼인플레이션은 발전도상국에서만 발생한다	하이퍼인플레이션은 월 50% 이상의 물가 상승을 의미한다	두 가지는 같은 현상으로 다른 이름일 뿐이다	C	하이퍼인플레이션은 월 50% 이상의 극도의 인플레이션을 의미한다. 이는 통화의 신뢰를 완전히 잃게 하며 경제 전체에 심각한 혼란을 가져온다.
1	경제학자 A는 "최저임금을 인상하면 청년 실업이 증가할 것이다"라고 주장했다. 이것은 어떤 유형의 주장인가?	규범적 주장	실증적 주장	가치적 판단	도덕적 주장	B	이는 최저임금 인상이라는 변수 변화가 청년 실업이라는 결과를 초래한다는 인과관계를 주장하는 것으로, 참/거짓을 검증할 수 있는 실증적 주장이다. 규범적 주장은 "인상해야 한다/하면 안 된다"처럼 가치 판단을 포함한다.
1	경제순환 모형(Circular Flow Diagram)에서 올바른 설명은?	기업의 목표는 사회 복지이고, 가계의 목표는 이윤 극대화이다	재화·서비스 시장에서 기업은 판매자이고, 가계는 구매자이다	생산요소 시장에서 기업은 구매자이고, 가계는 판매자이다	②③이 모두 맞다	D	경제순환 모형의 핵심이다. 재화 시장과 생산요소 시장에서 기업과 가계의 역할이 반대이며, 이를 통해 자원이 순환된다.
1	다음 중 경제모형(Economic Model)이 비현실적인 가정을 하는 이유는?	경제학자들의 능력 부족	현실을 단순화하여 핵심 관계를 파악하기 위함	모형이 좋지 못해서	수학적으로 불가능해서	B	모형은 목적에 맞게 현실의 일부만 추출하여 단순화한다. 이는 약점이 아니라 모형의 장점이다. 비현실적 가정이 반드시 모형이 나쁘다는 뜻은 아니다.
1	생산가능곡선(PPF)이 바깥쪽으로 이동하는 경우는?	현재의 생산요소를 더 비효율적으로 사용	기술 퇴보	생산요소의 증가 또는 기술 진보	한 재화의 생산을 포기하고 다른 재화만 생산	C	PPF가 바깥쪽으로 이동하는 것은 경제성장을 의미한다. 이는 생산요소 증가(노동, 자본) 또는 기술 진보를 통해 달성된다.
1	생산가능곡선이 밖으로 볼록한 이유는?	한계수확체감의 법칙 때문	비용이 계속 올라가기 때문	기술 진보가 일정하지 않기 때문	정부 정책의 변화 때문	A	한계수확체감의 법칙은 같은 양의 추가 생산을 위해 필요한 기회비용이 점점 커진다는 것이다. 이로 인해 PPF는 밖으로 볼록한 형태를 보인다. 생산요소마다 특정 재화 생산에 더 효율적이기 때문이다.
1	다음 중 틀린 것은?	미시경제학은 개별 기업의 의사결정을 연구한다	거시경제학은 국가 전체의 경제를 연구한다	경제학은 실증적 분석과 규범적 분석을 모두 한다	경제학자들은 항상 정치적 관점에서 경제 문제를 분석한다	D	경제학자는 과학자로서 먼저 실증적으로 분석해야 한다. 규범적 주장(정책 제안)은 그 다음의 문제이며, 개인의 가치관에 따라 다를 수 있다. 경제 분석 자체가 항상 정치적인 것은 아니다.
1	다음 중 기회비용이 "0"인 경우는?	구름 없는 날씨에 집에서 쉬기	이미 구매한 책을 읽기	무료로 얻은 선물을 사용하기	경제학 원리 8에 따르면, 없다	D	경제학 원리 3은 "모든 선택에는 대가가 있다"이다. 따라서 어떤 선택을 하든 다른 선택을 포기하므로 기회비용은 항상 존재한다. 기회비용이 작을 수 있지만 0은 아니다. ②는 매몰비용으로 인해 기회비용을 무시하는 오류의 예이다.
1	정부가 시장에 개입했는데도 문제가 해결되지 않으면?	정부의 개입 수준을 더 높여야 한다	정부실패가 발생했을 수 있다	시장경제로 완전히 전환해야 한다	경제학의 원리가 틀렸다	B	정부 개입이 항상 효율적인 것은 아니다. 정부는 불완전한 정보를 가지고 있거나, 정치적 압력에 의해 비효율적 결정을 할 수 있다. 이를 정부실패라고 한다.
1	"국민 생활수준이 높아져야 한다"는 주장은?	실증적 주장 (참/거짓 판정 가능)	규범적 주장 (가치 판단 포함)	객관적 진실	경제학적으로 분석할 수 없는 주장	B	"~해야 한다"는 당위성을 포함하므로 규범적 주장이다. 이는 개인의 가치관에 따라 동의/반대가 갈릴 수 있다. 경제학자는 먼저 "생활수준을 높이려면 생산성을 올려야 한다"(실증)를 분석한 후, 정책 선택(규범)은 사회가 결정하도록 해야 한다.
1	PPF 곡선 내부의 점은?	효율적인 생산	비효율적인 생산	생산 불가능	최적의 생산 조합	B	PPF 곡선 위의 점 = 효율적 (모든 생산요소 활용), 곡선 내부 = 비효율적 (생산요소 낭비), 곡선 외부 = 생산불가능. 곡선 내부에서도 생산은 가능하지만 낭비가 있다.
1	"A 상품의 기회비용 = B 상품 5개"라는 것은?	A 상품 1개를 생산하면 B 상품 5개를 포기해야 한다는 뜻	B 상품 5개가 A 상품보다 더 중요하다	A 상품이 B 상품보다 생산하기 어렵다	①③이 모두 맞다	A	기회비용은 한 재화를 포기한 것의 가치이다. A 상품 1개의 기회비용이 B 상품 5개라는 것은 A를 만들려면 B 5개를 포기해야 한다는 뜻이다. ②③은 추가 해석일 뿐 정의가 아니다.
1	어느 경제학파는 "자유시장이 항상 최선의 결과를 가져온다"고 주장하고, 다른 경제학파는 "정부의 개입이 필요하다"고 주장한다. 이 둘의 차이는?	한 쪽이 옳고 다른 쪽이 틀렸다	시장실패의 범위와 중요도에 대한 인식 차이	경제학 수준의 차이	가치관과 이념의 차이일 뿐 경제학적 근거가 없다	B	둘 다 경제학적으로 타당한 분석이다. 차이는 현실에서 시장실패가 얼마나 심각하고 정부 개입이 얼마나 효과적인지에 대한 판단 차이이다. 이는 실증적 분석의 관점 차이이며, 이념이나 가치관만의 차이는 아니다.
1	한 재화의 기울기 계산이 틀렸다면?	기회비용도 틀렸다	기회비용은 여전히 맞을 수 있다	기울기가 곡선이 아니라면 기회비용이 일정하다	PPF가 직선이 아니다	A	PPF에서 기울기 = 기회비용이다. 한 재화의 기울기가 틀렸으면 기회비용도 틀린 것이다. 다만 곡선이 직선이 아니면 기울기(따라서 기회비용)가 점마다 다르다.
2	경제학자의 사고방식으로 가장 적절한 것은?	현실에서 일어나는 모든 일을 정확히 예측할 수 있다	가설을 세우고 이를 검증하는 과정을 거친다	주관적 경험에만 기초해 판단한다	수학 공식만 사용하여 문제를 푼다	B	경제학자는 과학자다. 가설 수립 → 검증 → 예측이라는 과학적 방법을 따른다.
2	경제모형(Economic Model)의 특징으로 올바른 것은?	현실을 완벽하게 재현한다	모든 가정이 현실을 반영해야 한다	복잡한 현실을 단순화하여 핵심 관계를 파악한다	정확하지 않은 예측을 하기 위한 것이다	C	모형은 의도적으로 현실을 단순화한다. 이를 통해 복잡한 현실의 핵심 메커니즘을 이해할 수 있다.
2	경제순환 모형에서 재화·서비스 시장이란?	주식 시장	기업이 재화를 판매하고 가계가 구매하는 시장	노동 시장	국제 무역 시장	B	재화·서비스 시장은 개인의 소비를 위한 재화가 거래되는 시장이다. 노동 시장은 생산요소 시장에 포함된다.
2	경제순환 모형에서 생산요소 시장이란?	기업이 재화를 판매하는 시장	노동, 자본 등 생산에 필요한 요소가 거래되는 시장	정부가 세금을 걷는 시장	수입품이 거래되는 시장	B	생산요소 시장(또는 요소 시장)에서는 노동(임금), 자본(이자), 토지(지대) 등이 거래된다.
2	생산가능곡선(PPF)이 직선일 경우, 기회비용의 특징은?	점마다 다르다	항상 일정하다	시간에 따라 변한다	계산할 수 없다	B	PPF가 직선이면 기울기가 일정하므로 기회비용도 항상 일정하다. 현실에서 PPF는 밖으로 볼록하여 기회비용이 점마다 다르다.
2	생산가능곡선이 안쪽으로 이동하는 상황은?	기술 진보	생산요소 증가	경제 호황	자연재해 또는 전쟁으로 인한 생산요소 파괴	D	PPF가 안쪽으로 이동 = 경제 악화. 생산요소 감소 또는 기술 퇴보로 인해 발생한다.
2	미시경제학과 거시경제학의 차이로 가장 적절한 것은?	미시경제학은 이론이고 거시경제학은 실무이다	미시경제학은 개별 경제 주체를, 거시경제학은 전체 경제를 연구한다	미시경제학이 더 정확하고 거시경제학은 덜 정확하다	둘은 서로 별개의 학문이어서 관련이 없다	B	미시경제학 = 가계, 기업, 산업 / 거시경제학 = 국가 전체 GDP, 실업, 인플레이션. 둘은 서로 연관되어 있다.
2	"경제 성장률이 높아지면 물가가 올라간다"는 주장의 성격은?	실증적 주장	규범적 주장	항상 참인 진리	검증 불가능한 주장	A	이는 두 변수 간의 인과관계를 주장하는 것으로, 데이터를 통해 참/거짓을 검증할 수 있는 실증적 주장이다.
2	PPF 곡선이 밖으로 볼록한 이유를 설명하기 위해 필요한 개념은?	기회비용	한계수확체감의 법칙	비교우위	①②가 모두 필요	D	밖으로 볼록한 이유는 한계수확체감 때문이며, 이를 기회비용으로 표현한다. A의 기회비용(포기해야 하는 B의 양)이 점점 커지기 때문이다.
2	어떤 경제에서 A 재화 생산만 증가했을 때?	PPF가 이동했다	PPF 위의 점이 다른 위치로 이동했다	경제성장이 일어났다	경제효율성이 떨어졌다	B	A 생산 증가 → B 생산 감소하는 것은 PPF 곡선 "위에서의 이동"이다. 곡선 자체는 이동하지 않았다(경제성장 아님).
2	실증적 분석과 규범적 분석의 차이점을 올바르게 설명한 것은?	실증적은 항상 맞고, 규범적은 항상 틀렸다	실증적은 현재 상황을, 규범적은 미래를 분석한다	실증적은 팩트 기반, 규범적은 가치 판단 기반이다	두 가지는 구별할 필요가 없다	C	실증적 주장(~이다)은 검증 가능한 팩트이고, 규범적 주장(~해야 한다)은 가치 판단을 포함한다.
2	경제 모형에서 비현실적 가정을 하는 이유는?	경제학자들이 게을러서	현실을 완벽하게 이해하기 위해	복잡한 현실에서 핵심 메커니즘을 추출하기 위해	모형이 좋으려면 꼭 필요하기 때문이다	C	모형의 목적은 현실의 모든 것을 재현하는 것이 아니라, 특정 메커니즘을 이해하는 것이다.
2	PPF 분석에서 "기울기 = 기회비용"이라는 명제가 의미하는 것은?	기울기를 보면 얼마나 많은 B를 포기해야 A를 얻을 수 있는지 알 수 있다	기울기가 가파르면 기회비용이 크다	A의 기울기와 B의 기울기는 같다	기울기는 항상 양수이다	A	PPF 위의 점에서 기울기 = A의 기회비용(포기해야 하는 B의 양). 기울기가 음수라는 것은 한 재화를 더 얻으면 다른 재화를 포기해야 한다는 뜻이다.
2	경제순환 모형의 동작 원리를 설명하는 핵심은?	기업과 가계의 역할이 시장에 따라 달라진다	정부가 모든 거래를 통제한다	노동자는 항상 생산요소 시장에서만 활동한다	①③이 맞다	A	재화 시장과 생산요소 시장에서 기업과 가계의 역할이 반대이다. 이것이 순환을 만든다.
2	다음 상황을 PPF로 나타낼 때, 어디에 위치하는가: "정부가 기술 규제로 혁신을 막았다"	PPF 위 (효율적)	PPF 내부 (비효율적)	PPF 곡선이 안쪽으로 이동	PPF 밖 (생산 불가능)	B	기술은 활용할 수 있지만 규제로 인해 사용하지 않으면, 생산요소를 낭비하고 있다. 따라서 PPF 곡선 내부에 위치한다.
2	"최저임금을 올려야 한다"는 주장을 경제학적으로 분석하려면?	이 주장이 맞는지 틀리는지 판정한다	먼저 "최저임금 인상이 고용에 미치는 영향"을 실증적으로 분석한 후, 정책 선택은 사회가 결정하도록 한다	경제학자의 개인적 견해를 따른다	이는 경제학으로 분석할 수 없는 순전히 도덕적 문제이다	B	경제학자는 과학자로서 먼저 현상을 분석(실증)하고, 정책 선택(규범)은 사회의 가치관에 맡긴다.
2	PPF가 직선이 아니라 곡선인 이유로 가장 적절한 것은?	현실이 복잡해서	생산요소마다 상이한 효율성 때문에 한계수확체감이 발생	기술이 계속 발전	정부 정책이 변하기 때문	B	어떤 생산요소는 A 생산에 더 적합하고, 어떤 것은 B 생산에 더 적합하다. 따라서 A를 계속 생산하려면 B 생산에 더 적합한 요소까지 빼야 하므로 기회비용이 커진다 (한계수확체감).
2	"PPF 곡선이 직선이면 기회비용이 일정하다"는 주장에 대해?	항상 참이다	조건부로 참이다 (한계수확체감이 없을 때만)	틀렸다 (PPF 곡선은 항상 곡선이어야 한다)	기회비용 계산 방식에 따라 달라진다	B	PPF 곡선이 직선이라는 것은 한계수확체감이 없는 특수한 경우이다. 현실에서는 드물지만, 이 경우 기회비용은 일정하다.
2	다음 중 규범적 주장은?	"세금을 인상하면 소비가 감소한다"	"경제성장률이 3%이다"	"경제성장률은 2% 이상이어야 한다"	"현재 실업률은 5%이다"	C	"~해야 한다"는 규범적 주장이다. ①②④는 팩트나 인과관계로 검증 가능한 실증적 주장이다.
2	경제순환 모형에서 "기업이 판매자"가 되는 시장은?	재화·서비스 시장과 생산요소 시장 둘 다	재화·서비스 시장만	생산요소 시장만	둘 다 아니다	C	재화 시장에서 기업은 판매자(공급)이고, 생산요소 시장에서 기업은 구매자(수요)이다.
2	PPF에서 "기울기"와 "기회비용"의 관계로 올바른 것은?	기울기 > 기회비용	기울기 = 기회비용의 절대값	기울기는 양수이고 기회비용도 양수이다	둘은 전혀 다른 개념이다	B	PPF의 기울기는 음수이지만, 그 절대값이 기회비용(양수)이다.
2	모형의 가정이 비현실적일 때, 취할 수 있는 자세는?	이 모형은 쓸모없다고 버린다	모형의 목적과 필요한 단순화 정도를 생각해본다	가정을 모두 현실에 맞춘다	경제학 전체를 포기한다	B	모형의 비현실성은 문제가 아니다. 어떤 목적으로 단순화했는지를 이해하는 것이 중요하다.
2	어떤 경제가 PPF 곡선 내부에 있다면?	완벽하게 효율적이다	자원 배분이 최적이다	생산 기술 개선의 여지가 있다	경제성장이 일어났다	C	PPF 내부는 비효율적이다. 생산요소를 낭비하고 있으므로, 효율성 개선(더 나은 배분)의 여지가 있다. 이는 기술 개선과는 다르다.
2	"비현실적 가정 = 나쁜 모형"이라는 주장은?	경제학에서 맞는 말이다	틀렸다. 모형의 목적에 맞는 단순화는 필요하다	가정의 개수에 따라 판단한다	경제학자마다 의견이 다르다	B	모형은 의도적으로 비현실적이다. 이를 통해 핵심을 파악한다. 모형의 평가는 "얼마나 현실적인가"가 아니라 "목적 달성에 얼마나 도움이 되는가"이다.
3	절대우위(Absolute Advantage)의 정의로 올바른 것은?	더 빨리 생산하는 능력	더 적은 생산요소로 생산하는 능력	더 낮은 가격에 파는 능력	품질이 더 좋은 제품을 만드는 능력	B	절대우위는 같은 양을 생산할 때 더 적은 생산요소(노동시간, 자본 등)를 사용하는 능력이다.
3	비교우위(Comparative Advantage)의 정의로 가장 적절한 것은?	절대우위를 가진 국가	더 적은 기회비용으로 생산하는 능력	시장에서 경쟁에서 이기는 능력	더 큰 생산량을 가진 국가	B	비교우위는 기회비용 비교로 결정된다. A 상품 1단위의 기회비용이 작은 쪽이 A에 비교우위를 가진다.
3	다음 중 비교우위론의 핵심 결론은?	절대우위가 있는 국가가 모든 것을 생산해야 한다	절대우위가 없어도 비교우위가 있으면 교역이 양쪽에 이득이다	모든 국가는 절대우위를 추구해야 한다	교역은 한 나라의 손실이 된다	B	리카르도의 비교우위론이다. 절대우위만으로는 교역의 필요성을 설명할 수 없지만, 비교우위는 설명한다.
3	교환비율(Terms of Trade)이 결정되는 범위는?	국제가격에 의해 완전히 결정된다	양쪽 국가의 기회비용 사이에서 결정된다	더 강한 국가가 결정한다	정부의 협상에 의해 완전히 결정된다	B	교환비율이 양쪽의 기회비용보다 유리해야 둘 다 교역할 동기가 생긴다.
3	특화(Specialization)의 의미로 올바른 것은?	한 국가가 모든 재화를 생산한다	비교우위가 있는 재화에만 생산을 집중한다	절대우위가 있는 재화를 포기한다	다른 국가의 재화를 모두 수입한다	B	특화는 각 국가가 비교우위 있는 재화만 생산하고 나머지는 교역하는 것이다.
3	기회비용 계산 예: 프랭크가 1시간에 감자 8개 또는 고기 4마리를 생산한다면, 감자 1개의 기회비용은?	고기 0.5마리	고기 2마리	고기 8마리	계산할 수 없다	A	감자 8개 = 고기 4마리 (같은 시간)이므로, 감자 1개 = 고기 0.5마리. 일반 공식: 한 재화의 기회비용 = 포기해야 할 다른 재화의 양.
3	다음 중 교역의 결과로 올바른 것은?	양쪽 모두가 이득을 본다	한쪽이 이득을 보면 다른 쪽은 손실을 본다	절대우위가 있는 쪽만 이득을 본다	비교우위와 무관하게 항상 한쪽이 손실을 본다	A	교역은 양쪽이 자발적으로 하는 것이므로, 쌍방이 모두 이득을 본다. 그렇지 않으면 교역하지 않는다.
3	데이비드 리카르도(David Ricardo)의 비교우위론이 제시한 함의는?	한 국가가 모든 분야에서 능하면 그 국가가 모든 것을 생산해야 한다	절대우위가 없어도 비교우위가 있으면 교역으로 양쪽이 이득을 본다	국제 무역은 전쟁과 같다	발전도상국은 절대로 발전된 국가와 교역할 수 없다	B	리카르도는 절대우위 없이도 교역이 가능하다는 혁명적 주장을 했다. 이것이 비교우위론의 핵심이다.
3	프랭크: 감자 8개 또는 고기 4마리 / 루비: 감자 6개 또는 고기 3마리** **누가 감자에 비교우위를 가지는가?** 감자 기회비용: 프랭크(고기 0.5마리), 루비(고기 0.5마리) 고기 기회비용: 프랭크(감자 2개), 루비(감자 2개) ① 프랭크 ② 루비 ③ 둘 다 같다 ④ 계산할 수 없다 정답: ③ 해설: 두 사람의 기회비용이 같으므로 비교우위가 없다. 따라서 교역할 이유가 없다. --- **59. 프랭크: 감자 8개 또는 고기 4마리 / 루비: 감자 6개 또는 고기 2마리** **누가 고기 생산에 비교우위를 가지는가?** 고기 기회비용: 프랭크(감자 2개), 루비(감자 3개) ① 프랭크 (기회비용 2개 < 3개) ② 루비 (더 어렵기 때문에) ③ 둘 다 ④ 계산할 수 없다 정답: ① 해설: 고기 1마리의 기회비용이 작은 쪽(프랭크)이 비교우위를 가진다. --- **60. 위의 프랭크와 루비가 교역한다면, 프랭크는 어떻게 특화해야 효율적인가?** 프랭크: 감자에 비교우위(기회비용 0.5 < 1) 루비: 고기에 비교우위(기회비용 3 < 2... 아니, 3 > 2이므로 프랭크가 비교우위) 다시 계산하면, 프랭크가 두 상품 모두에 절대우위를 가졌으므로: - 감자 기회비용: 프랭크(0.5), 루비(1) → 프랭크가 비교우위 - 고기 기회비용: 프랭크(2), 루비(3) → 프랭크가 비교우위 ① 감자에만 특화 ② 고기에만 특화 ③ 둘 다 생산 (비교우위가 없으므로) ④ 절대우위가 있으므로 모두 생산해야 한다 정답: ③ 해설: 두 재화 모두에 비교우위를 가지면 교역할 이유가 없다. --- **61. 교환비율이 "감자 1개 = 고기 0.7마리"라면, 고기에 비교우위가 있는 사람은 이를 받아들일까?** 고기에 비교우위가 있다 = 고기의 기회비용이 더 크다 = 고기를 주고 받는 기회비용이 크다는 뜻 예: 고기 1마리 = 감자 3개 (기회비용) 교환비율 0.7마리 = 감자 1개라면, 고기 1마리를 주고 감자 1.43개만 받는 것 ① 이 교환비율이 유리하므로 수용한다 ② 고기의 기회비용이 더 크므로 거부한다 ③ 교환 비율과 무관하게 항상 거부한다 ④ 이 정보만으로는 판단 불가능하다 정답: ① 해설: 교환비율이 (고기의 기회비용) 사이에 있으면, 고기 전문가도 이득을 본다. --- **62. 특화 후 교역할 때, 양쪽이 모두 이득을 보려면?	한쪽이 절대우위를 가져야 한다	교환비율이 양쪽의 기회비용 사이에 있어야 한다	한쪽이 모든 재화를 생산해야 한다	절대우위와 비교우위가 일치해야 한다	B	교환비율이 양쪽의 기회비용 사이에 있으면, 둘 다 특화로 인한 이득을 실현할 수 있다.
3	다음 중 절대우위가 없어도 교역할 수 있다는 것을 나타내는 사례는?	A국이 모든 상품에서 더 효율적으로 생산한다	B국이 한 상품만 더 효율적으로 생산한다	A국이 모든 상품에 절대우위를 가져도 B국과 교역이 양쪽에 이득이다	두 국가가 같은 기술을 가지고 있다	C	비교우위론의 핵심이다. 절대우위가 없어도(모두 없어도) 비교우위가 있으면 교역할 수 있다.
3	특화로 인한 전체 생산량의 변화는?	항상 증가한다	항상 감소한다	변하지 않는다	비교우위가 있으면 증가한다	D	비교우위가 있으면 특화를 통해 전체 생산량을 증가시킬 수 있다. 비교우위가 없으면 변하지 않는다.
3	교환비율이 양쪽의 기회비용을 완전히 벗어난다면?	교역이 여전히 가능하다	한쪽만 이득을 본다	양쪽 중 한쪽이 교역하지 않으려 할 것이다	교역이 불가능하다	C	교환비율이 기회비용 범위 밖이면, 한쪽이 특화의 이득을 실현할 수 없다. 그래서 교역하지 않는다.
3	"A국이 B국을 능가한다"는 말의 의미로 가장 위험한 것은?	A국이 절대우위를 가진다	A국이 모든 분야에서 비교우위를 가진다	A국이 B국을 교역에서 이길 것이다	A국이 B국과 교역해야 한다	C	절대우위가 있어도 비교우위가 양쪽에 걸쳐 있을 수 있으므로, "A가 B를 이긴다"는 교역 승리를 보장하지 않는다.
3	기회비용이 같은 두 나라가 있다면?	교역이 불가능하다	교역이 가능하지만 이득이 없다	비교우위가 없으므로 교역할 이유가 없다	①③이 같은 의미이다	D	비교우위가 없으면 교역의 필요성이 없고, 따라서 교역이 사실상 불가능하다.
3	"프랭크가 모든 것을 더 잘하므로, 프랭크가 모든 것을 생산해야 한다"는 주장은?	경제학적으로 맞다	절대우위의 논리를 잘못 적용한 것이다	교역의 이득을 무시한 것이다	②③이 맞다	D	절대우위가 있어도 비교우위를 고려해야 교역의 이득을 실현할 수 있다. 프랭크가 모든 것에 절대우위를 가져도, 비교우위가 약한 것은 루비에게 맡기는 것이 효율적일 수 있다.
3	교환비율 범위를 "감자 1개 = 고기 X마리"로 표현할 때, X의 범위는?	0 < X < ∞	두 사람의 기회비용 사이	항상 1이다	X의 값은 절대우위에 따라 결정된다	B	교환비율이 양쪽의 기회비용 사이에 있어야 양쪽이 교역할 동기를 가진다.
3	다음 중 틀린 것은?	절대우위가 있는 국가가 있다	비교우위가 없는 경우도 있다	모든 국가에게 비교우위가 있는 재화가 있다	절대우위와 비교우위는 다른 개념이다	C	비교우위는 상대적 개념이므로, 반드시 양쪽에 비교우위가 있다. 하지만 절대우위는 한쪽이 모든 재화에서 가질 수 있다. ③은 "모든 국가가" 비교우위를 가진다는 것이 아니라, "각 국가가" 어떤 재화에는 비교우위를 가진다는 뜻이다.
3	"교역이 증가하면 국내 산업이 망한다"는 주장을 비교우위론으로 평가하면?	맞는 말이다 (교역의 부작용)	틀렸다 (전체 경제는 이득이다)	부분적으로 맞다 (일부 산업은 피해지만 전체는 이득)	비교우위론으로는 판단할 수 없다	C	비교우위가 약한 산업은 쇠퇴할 수 있다 (진정의 손실). 하지만 전체 경제는 총 생산량 증가로 이득을 본다. 이는 분배 문제이지, 교역이 나쁜 것은 아니다.
3	기회비용 계산에서 가장 흔한 실수는?	한 재화의 기회비용을 다른 재화 기준으로 잘못 계산하기	절대우위와 비교우위를 헷갈리기	기회비용의 역수를 구하지 않기	①②③이 모두 가능하다	D	모두 흔한 실수이다. 특히 "A의 기회비용 = A 1개당 포기되는 B"를 제대로 이해하지 못하고 계산하는 경우가 많다.
4	시장(Market)의 정의로 가장 적절한 것은?	물건을 파는 건물	특정 재화를 사고파는 사람들의 모임	정부가 관리하는 경제 시스템	주식과 채권을 거래하는 장소	B	경제학에서 시장은 물리적 장소가 아니라 거래가 일어나는 전체 체계를 의미한다.
4	수요량(Quantity Demanded)의 정의로 올바른 것은?	소비자가 원하는 모든 양	특정 가격에서 구매하고자 하는 능력과 의사가 있는 양	과거에 구매했던 양	미래에 구매할 것으로 예상되는 양	B	수요량은 "의사와 능력"을 모두 만족하는 양이다. 원하기만 하는 것(의사 부족)이나, 돈이 없는데 사고 싶은 것(능력 부족)은 수요량이 아니다.
4	수요의 법칙(Law of Demand)을 설명하는 올바른 것은?	가격이 올라가면 수요량도 올라간다	가격이 올라가면 수요량은 내려간다	가격과 수요량은 무관하다	수요가 늘어나면 가격이 올라간다	B	수요의 법칙은 가격과 수요량의 음의 관계를 나타낸다 (우하향 곡선).
4	공급의 법칙(Law of Supply)을 설명하는 올바른 것은?	가격이 올라가면 공급량은 내려간다	가격이 올라가면 공급량도 올라간다	가격과 공급량은 무관하다	공급이 늘어나면 가격이 내려간다	B	공급의 법칙은 가격과 공급량의 양의 관계를 나타낸다 (우상향 곡선).
4	균형(Equilibrium)의 정의로 가장 정확한 것은?	가격이 가장 낮은 상태	공급량이 가장 많은 상태	수요량 = 공급량인 상태	소비자 만족도가 가장 높은 상태	C	균형은 수량 일치로 정의되며, 이 때 시장 압력이 없어 자동으로 유지된다.
4	정상재(Normal Good)의 특징으로 올바른 것은?	소득이 올라가면 수요가 내려간다	소득이 올라가면 수요가 올라간다	소득과 무관하게 수요가 일정하다	소득이 올라가면 가격이 내려간다	B	정상재는 "정상적인" 재화로, 소득이 증가하면 수요도 증가한다. 대부분의 재화가 정상재이다.
4	열등재(Inferior Good)의 예로 가장 적절한 것은?	명품 시계	외제 자동차	라면과 같은 저가 식품 (고소득층이 되면 먹지 않음)	휘발유	C	열등재는 소득이 높아지면 수요가 감소하는 재화이다. 하지만 "품질이 낮다"는 의미는 아니다 (경제학 용어).
4	대체재(Substitutes)의 예로 가장 적절한 것은?	버터와 마가린	커피와 설탕	신발과 양말	자동차와 휘발유	A	대체재는 한 재화 대신 다른 재화를 사용할 수 있는 것이다. 버터 가격 ↑ → 마가린 수요 ↑.
4	보완재(Complements)의 예로 가장 적절한 것은?	두 종류의 버터	핫도그와 핫도그 빵	콜라와 사이다	셔츠와 바지	B	보완재는 함께 사용되는 재화이다. 핫도그 가격 ↑ → 핫도그 빵 수요 ↓.
4	어떤 재화의 수요곡선이 오른쪽으로 이동했다면?	이 재화의 가격이 올라갔다	이 재화의 가격이 내려갔다	가격과 무관한 다른 요인(소득, 취향 등)이 변했다	공급이 감소했다	C	수요곡선 자체의 이동(= 수요의 변화)은 가격 외의 요인 변화로 인한 것이다. 가격 변화는 곡선 위에서의 이동이다.
4	소비자의 취향이 어떤 재화로 변했을 때?	그 재화의 가격이 올라간다	그 재화의 수요곡선이 오른쪽으로 이동한다	그 재화의 공급곡선이 변한다	그 재화의 공급량이 감소한다	B	취향 변화는 수요 변화이며, 수요곡선의 이동으로 나타난다.
4	어떤 생산요소의 가격이 올라가면?	그 요소로 만드는 재화의 수요곡선이 이동한다	그 요소로 만드는 재화의 공급곡선이 왼쪽으로 이동한다	그 요소로 만드는 재화의 공급곡선이 오른쪽으로 이동한다	시장 균형가격이 내려간다	B	요소가격 ↑ → 생산비용 ↑ → 공급 ↓ (공급곡선 왼쪽 이동).
4	기술이 진보했을 때?	공급곡선이 왼쪽으로 이동한다	공급곡선이 오른쪽으로 이동한다	수요곡선이 이동한다	균형가격은 항상 올라간다	B	기술 진보 → 생산 효율성 ↑ → 공급 ↑ (공급곡선 오른쪽 이동).
4	공급과잉(Surplus) 상태에서 일어나는 결과는?	공급량 < 수요량	공급량 > 수요량, 가격이 하락	공급량 = 수요량	가격이 계속 올라간다	B	공급과잉 → 팔리지 않은 재화 쌓임 → 판매자가 가격을 낮춤 → 균형으로 수렴.
4	물량부족(Shortage) 상태에서 일어나는 결과는?	공급량 > 수요량, 가격이 하락	공급량 < 수요량, 가격이 상승	공급량 = 수요량	공급자는 이득을 본다	B	물량부족 → 못 산 소비자들이 기다림 → 판매자가 가격을 올림 → 균형으로 수렴.
4	미래에 어떤 재화의 가격이 올라날 것이라는 기대가 생기면?	현재의 수요곡선이 왼쪽으로 이동한다	현재의 수요곡선이 오른쪽으로 이동한다	현재의 공급곡선이 오른쪽으로 이동한다	현재 가격은 변하지 않는다	B	가격 상승 기대 → 지금 사놔야겠다는 생각 → 현재 수요 ↑ (수요곡선 오른쪽 이동).
4	수요와 공급 분석 3단계를 올바르게 순서대로 쓴 것은?	곡선 이동 → 이동 방향 → 결과 변화	변수 판단 → 이동 방향 → 결과 변화	결과 변화 → 이동 방향 → 변수 판단	이동 방향 → 변수 판단 → 결과 변화	B	(1) 어떤 변수가 변했는가? (2) 어느 곡선이 어느 방향으로 이동하는가? (3) 균형가격과 거래량이 어떻게 변하는가?
4	수요곡선이 이동한 것과 곡선 위에서 움직인 것의 차이는?	같은 의미이다	수요곡선 이동 = 가격 변화, 곡선 위 이동 = 수요 변화	수요 변화 = 곡선 이동, 수요량 변화 = 곡선 위 이동	구분할 수 없다	C	가격 변화만으로 곡선 위에서 움직이는 것을 "수요량 변화"라 한다. 다른 요인 변화로 곡선 자체가 이동하는 것을 "수요 변화"라 한다.
4	"커피 수요가 증가했다"는 다음 중 어떤 의미인가?	같은 가격에서 수요량이 증가했다 (곡선 이동)	가격이 올라가서 수요량이 감소했다	가격이 올라갔다	같은 수요량으로 더 높은 가격을 지불한다	A	수요 증가 = 수요곡선 오른쪽 이동 = 같은 가격에서 더 많이 사려고 함 (곡선 이동).
4	정상재와 열등재의 구분에서 가장 위험한 오류는?	품질 수준으로 구분하기	소득과의 관계로 구분하기	가격 수준으로 구분하기	①③이 모두 위험한 오류이다	D	정상재/열등재는 소득과의 관계로만 정의한다. 저가 상품이 모두 열등재는 아니고, 고가 상품이 모두 정상재는 아니다.
4	대체재와 보완재를 헷갈릴 때 구분법은?	한 재화 가격 ↑ → 다른 재화 수요 ↑ = 대체재	한 재화 가격 ↑ → 다른 재화 수요 ↓ = 보완재	①②가 모두 맞다	가격으로만 판단할 수 없다	C	기본 원리를 정확히 기억하면, 가격과 수요의 관계로 구분할 수 있다.
4	"공급곡선이 오른쪽으로 이동했다"는 다음 중 어떤 결과를 초래하는가?	균형가격 ↑, 균형거래량 ↑	균형가격 ↓, 균형거래량 ↑	균형가격 ↓, 균형거래량 ↓	균형가격 ↑, 균형거래량 ↓	B	공급 증가 → 더 저렴한 가격에 팔려고 함 → 가격 ↓, 거래량 ↑.
4	수요곡선과 공급곡선이 동시에 변하면?	균형가격은 반드시 올라간다	균형거래량은 반드시 올라간다	한쪽 이동이 다른 쪽을 압도하는 정도에 따라 결과가 달라진다	시장에서 혼란이 생겨 균형을 찾을 수 없다	C	두 곡선이 동시에 이동하면 결과는 각각의 이동 정도에 따라 달라진다 (분석 3단계에서 가장 복잡한 경우).
4	시장 균형점이 "효율적"이라는 것의 의미는?	모든 소비자가 만족한다	모든 생산자가 이윤을 본다	총잉여가 극대화된다 (7장에서 배움)	가격이 공정하다	C	이는 7장의 "후생경제학"에서 다루는 개념이다. 자유시장 균형은 총잉여를 최대화한다.
5	탄력성(Elasticity)의 정의로 가장 적절한 것은?	어떤 재화의 가격	한 변수의 변화에 대해 다른 변수가 반응하는 정도	시장에서의 경쟁 정도	생산 기술의 수준	B	탄력성은 상대적 변화를 비교하는 개념이다.
5	수요의 가격탄력성 계산 시 항상 사용해야 하는 것은?	절대값(Absolute Value)	백분율 계산	중간점 공식	두 가지 이상이 필요하다	A	수요의 가격탄력성은 항상 절대값으로 표현하여 양수로 나타낸다.
5	탄력적(Elastic) 수요곡선의 특징으로 올바른 것은?	E < 1	0 < E < 1	E > 1	E = ∞	C	탄력성 > 1 = 탄력적 (가격 변화에 민감).
5	비탄력적(Inelastic) 수요곡선의 특징으로 올바른 것은?	E > 1	0 < E < 1	E = 1	수평선	B	탄력성 < 1 = 비탄력적 (가격 변화에 둔감).
5	단위탄력(Unitary Elastic) 수요의 특징은?	E = 0	0 < E < 1	E = 1	E > 1	C	E = 1일 때, 가격 변화율 = 수요량 변화율.
5	가격이 올라갔을 때 총수입(TR = P × Q)이 올라가려면?	탄력적 수요	비탄력적 수요	단위탄력 수요	완전탄력 수요	B	비탄력적(E < 1) → 가격 ↑ → 수요량 감소폭 작음 → 총수입 ↑.
5	다음 중 탄력성을 결정하는 요인이 아닌 것은?	대체재의 존재	필수품인지 사치품인지	시간 경로 (단기 vs 장기)	생산자의 이윤	D	생산자의 이윤은 수요의 탄력성을 결정하지 않는다. 탄력성 결정요인은 대체재, 필수성, 시장 범위, 시간이다.
5	탄력성 유형 중 "가격 변화에 거의 반응하지 않는" 경우는?	탄력적 수요	비탄력적 수요	단위탄력	완전탄력	B	비탄력적(E < 1) = 둔감하고 완만한 곡선. 예: 필수품.
5	다음 상황에서 수요의 가격탄력성을 계산하시오:** **가격: 10원 → 12원 (변화율: 20%)** **수요량: 100개 → 80개 (변화율: -20%)** 탄력성 = |−20%| / |20%| = 1 ① 비탄력적 (E < 1) ② 단위탄력 (E = 1) ③ 탄력적 (E > 1) ④ 완전비탄력 (E = 0) 정답: ② 해설: E = 1이므로 단위탄력. 가격과 수요량이 정확히 같은 비율로 변한다. --- **106. 가격이 10원에서 12원으로 올랐을 때, 총수입이 어떻게 변하는가?** **초기: P=10, Q=100, TR=1,000원** **변후: P=12, Q=80, TR=960원	총수입이 증가했다 (1,000 < 960)	총수입이 감소했다 (1,000 > 960)	총수입이 불변이다	계산할 수 없다	B	단위탄력이므로 가격 변화의 효과가 상쇄되어야 하지만, 실제로 960 < 1,000이다. (계산 재확인: 12×80=960, 10×100=1,000, 960 < 1,000이므로 총수입 감소)
5	필수품(예: 밥, 의약품)의 수요탄력성은 일반적으로?	E > 1 (탄력적)	0 < E < 1 (비탄력적)	E = 0 (완전비탄력)	E = ∞ (완전탄력)	B	필수품은 가격이 올라도 줄일 수 없으므로 비탄력적이다.
5	사치품(예: 명품, 고급 레스토랑)의 수요탄력성은 일반적으로?	0 < E < 1 (비탄력적)	E > 1 (탄력적)	E = 1 (단위탄력)	E = 0 (완전비탄력)	B	사치품은 가격이 올라가면 대체재가 많아 수요가 크게 감소한다 (탄력적).
5	직선 수요곡선에서 가격이 높을 때와 낮을 때의 탄력성을 비교하면?	항상 같다	가격이 높을 때 더 탄력적이다	가격이 낮을 때 더 탄력적이다	기울기에만 의존한다	B	직선 수요곡선의 특성: 상단(높은 가격) = 탄력적, 하단(낮은 가격) = 비탄력적.
5	수요의 소득탄력성이 음수(< 0)인 재화는?	정상재	열등재	사치재	대체재	B	소득 ↑ → 수요 ↓ (음의 관계) = 열등재.
5	수요의 교차탄력성이 양수(> 0)인 두 재화의 관계는?	보완재	대체재	독립적 재화	같은 종류의 재화	B	한 재화 가격 ↑ → 다른 재화 수요 ↑ (양의 관계) = 대체재.
5	공급의 가격탄력성이 단기에는 낮고 장기에는 높은 이유는?	기술이 발전하기 때문	생산자가 적응할 시간이 필요하기 때문	정부 규제가 변하기 때문	가격이 낮아지기 때문	B	공급자는 생산 능력을 조정하는 데 시간이 필요하다. 장기에는 더 유연하게 대응 가능 → 탄력성 증가.
5	담배세를 부과했을 때, 담배 수요가 비탄력적이라면?	세수가 적을 것이다	수요량이 크게 감소할 것이다	세수가 많을 것이다	담배 가격이 변하지 않을 것이다	C	비탄력적(E < 1) → 가격 ↑ → 수요량 감소폭 작음 → 세수(T × Q) 많음.
5	"이 수요곡선의 기울기가 가파르므로 비탄력적이다"는 주장은?	항상 맞다	틀렸다 (기울기 ≠ 탄력성)	곡선이 직선일 때만 맞다	가격 수준에 따라 다르다	B	기울기와 탄력성은 다른 개념이다. 같은 기울기의 곡선도 가격 수준에 따라 탄력성이 다르다.
5	수요의 가격탄력성을 계산할 때 절대값을 사용하지 않으면?	음수가 나온다	계산이 복잡해진다	탄력성 간 비교가 혼란스러워진다	①③이 맞다	D	수요의 가격탄력성은 정의상 음의 값이지만, 절대값으로 표현하여 비교를 단순화한다.
5	"필수품이므로 비탄력적이다"라는 주장에서 가능한 오류는?	모든 필수품이 비탄력적인 것은 아니다	비탄력적이면 필수품인 것은 아니다	"필수"의 정의가 개인차가 있다	①②③이 모두 가능하다	D	필수성은 주관적이고, 필수품도 대체재가 많으면 탄력적일 수 있다.
5	직선 수요곡선의 E = 1인 지점은?	곡선의 중간점	곡선의 상단	곡선의 하단	위 답 모두에서 발생 가능	A	직선 수요곡선에서 E = 1 지점은 대략 중간 지점이다 (정확하게는 기울기 의존).
5	"가격이 올랐는데 총수입도 올랐다"는 상황을 분석하면?	수요가 탄력적이다	수요가 비탄력적이다	수요가 단위탄력이다	분석할 수 없다	B	가격 ↑ → 총수입 ↑라는 것은 수요량 감소폭이 작다는 뜻이므로, 비탄력적(E < 1).
5	소득탄력성과 교차탄력성의 부호 규칙을 헷갈릴 때?	소득탄력성 > 0이면 열등재	교차탄력성 < 0이면 대체재	소득탄력성 < 0이면 열등재 (맞음)	①②③이 모두 틀렸다	C	①은 틀림 (소득탄력성 < 0이면 열등재), ②는 틀림 (< 0이면 보완재).
5	"우리 제품의 수요가 완전탄력이다"라고 생각하는 기업의 전략 오류는?	가격을 올리면 수요가 0이 되므로, 가격을 낮춰야 한다	가격과 무관하게 같은 수량을 팔 수 있다고 착각	경쟁이 심한 시장에서 가격 책정 권한이 없다는 뜻	①③이 맞다	D	완전탄력(E = ∞) = 수평선 수요곡선 = 시장 가격 수용자 (가격 정하기 불가) = 경쟁이 매우 심한 시장의 개별 기업.
6	가격상한제(Price Ceiling)가 효과를 가지는 조건은?	가격상한 = 균형가격	가격상한 > 균형가격	가격상한 < 균형가격	가격상한은 균형가격과 무관	C	가격상한이 균형가격보다 낮아야 시장가격이 내려가는 효과가 있다.
6	가격상한제의 결과로 일어나는 현상은?	초과공급 (물량과잉)	초과수요 (물량부족)	새로운 균형 형성	가격이 계속 올라간다	B	가격 ↓ → 공급량 ↓, 수요량 ↑ → 물량부족 발생.
6	가격하한제(Price Floor)가 효과를 가지는 조건은?	가격하한 < 균형가격	가격하한 = 균형가격	가격하한 > 균형가격	가격하한은 균형가격과 무관	C	가격하한이 균형가격보다 높아야 시장가격이 올라가는 효과가 있다.
6	가격하한제의 결과로 일어나는 현상은?	초과수요 (물량부족)	초과공급 (물량과잉)	새로운 균형 형성	가격이 계속 내려간다	B	가격 ↑ → 수요량 ↓, 공급량 ↑ → 물량과잉 발생.
6	임대료 규제는 가격상한제의 예인데, 단기와 장기의 효과가 다른 이유는?	정부 정책이 바뀌기 때문	공급의 탄력성이 단기와 장기에 다르기 때문	소비자의 선호가 변하기 때문	물가가 계속 올라가기 때문	B	단기 = 주택 공급 비탄력적 → 작은 물량부족, 장기 = 주택 공급 탄력적 → 큰 물량부족 + 슬럼화.
6	최저임금제는 가격하한제의 예인데, 부작용으로 예상되는 것은?	임금 인상으로 근로자 모두 만족	실업 증가 (일자리 감소)	자동으로 임금이 올라감	기업의 이윤이 증가	B	최저임금 > 균형임금 → 초과공급 (일하려는 사람 > 일자리) → 실업 증가.
6	조세(Tax) 부과의 직접적 결과는?	수요곡선이 이동한다	공급곡선이 이동한다	둘 다 이동한다	곡선은 변하지 않지만 거래량이 감소한다	B	판매자 과세 → 공급곡선 위로 이동, 구입자 과세 → 수요곡선 아래로 이동.
6	판매자 과세와 구입자 과세의 최종 효과는?	판매자 과세가 더 크다	구입자 과세가 더 크다	같다 (누가 내느냐는 중요하지 않다)	비교할 수 없다	C	**조세의 귀착**: 누가 법적으로 납세 의무를 지는지는 중요하지 않으며, 최종 효과는 동일하다.
6	조세 부과 후 세금의 실질적 부담이 누가 더 크게 지게 되는가?	수요 측 (구입자)	공급 측 (판매자)	더 비탄력적인 쪽	정부가 정한 쪽	C	비탄력적인 쪽이 회피 수단이 없으므로 더 큰 부담을 진다. (예: 담배 수요 비탄력 → 구입자가 더 부담)
6	어떤 재화의 수요가 탄력적이고 공급이 비탄력적일 때, 세금을 부과하면?	세수가 많고 경제적 순손실이 작다	세수가 적고 경제적 순손실이 작다	세수가 많고 경제적 순손실이 크다	세수가 적고 경제적 순손실이 크다	D	수요가 탄력적 → 세금으로 거래량이 크게 감소 → 세수 적음 + 손실 큼.
6	임대료 규제가 오래 지속되면 일어나는 현상은?	주택 공급이 증가한다	주택이 낡아지고 질이 나빠진다 (슬럼화)	임대료가 자동으로 올라간다	세입자 모두가 만족한다	B	장기에는 집주인이 주택 유지와 신축에 투자하지 않아 주택 질 악화.
6	가격상한제가 없을 때와 있을 때를 비교하면?	소비자 항상 더 나아진다	생산자 항상 더 나아진다	총잉여가 감소한다 (경제적 순손실 발생)	모든 사람이 만족한다	C	가격상한제 → 거래량 감소 → 거래이득 상실 → 총잉여 ↓ → 경제적 순손실.
6	다음 중 판매자 과세의 영향을 올바르게 설명한 것은?	공급곡선이 위로 이동한다	거래량이 감소한다	소비자와 생산자 모두 부담을 진다	①②③이 모두 맞다	D	판매자 과세 → 공급곡선 이동 → 거래량 ↓ → 양쪽 모두 부담 (조세 귀착).
6	최저임금이 시장 균형임금보다 높으면?	근로자의 임금이 올라간다	일자리가 증가한다	실업이 발생한다	①③이 동시에 발생한다	D	일부 근로자(일자리 얻은 사람)의 임금은 올라가지만, 실업자도 증가한다 (일자리를 못 얻은 사람).
6	가격 통제 정책(상한제, 하한제)의 공통점은?	모두 효율적인 결과를 만든다	모두 초과수요 또는 초과공급을 초래한다	모두 세금을 거두지 않는다	②③이 맞다	D	가격 통제는 시장 메커니즘을 방해하여 불균형 초래하고, 세금 없이 경제적 순손실을 낳는다.
6	조세정책이 총잉여에 미치는 영향은?	항상 증가한다	항상 감소한다	경제적 순손실이 발생한다	소비자와 생산자 모두 이득을 본다	C	세금 부과 → 거래량 ↓ → 거래이득 상실 → 총잉여 감소 (경제적 순손실).
6	어떤 조세 정책이 "좋은 세금"이라고 불리는 이유는?	세수가 많기 때문	세수는 많으면서 경제적 순손실은 작기 때문	부자만 부담하기 때문	정부가 정했기 때문	B	좋은 세금 = 비탄력적 시장에 부과하는 세금 (예: 담배세). 세수 많고 거래량 감소 적음.
6	"가격상한제는 소비자를 보호한다"는 주장이 항상 맞는가?	맞다 (가격이 내려가므로)	틀렸다 (물량부족으로 살 수 없는 경우 발생)	부분적으로 맞다 (일부 소비자만 보호)	경제학적으로 판단 불가능하다	B	가격은 낮지만 물량부족으로 인해 사고 싶은 사람이 모두 구매할 수 없다 → 오히려 소비자 피해.
6	조세의 귀착(Tax Incidence)과 납세의무(Tax Obligation)의 관계는?	같은 개념이다	항상 일치한다	다를 수 있다 (법과 현실이 다를 수 있다)	경제학적으로 무관하다	C	누가 법적으로 세금을 내느냐(의무) vs 누가 실질적 부담을 지느냐(귀착)는 다를 수 있다.
6	가격상한제와 가격하한제의 공통점은?	모두 시장 균형을 유지한다	모두 초과수요를 만든다	모두 비효율성을 초래한다	모두 소비자에게만 영향을 미친다	C	가격상한제(초과수요) + 가격하한제(초과공급) = 둘 다 시장 왜곡 → 비효율성.
6	임대료 규제의 "슬럼화" 현상이 세입자(소비자)에게 피해를 주는 이유는?	임대료가 너무 높다	장기에 주택 공급 감소 + 주택 질 저하 → 구할 집이 없음	집주인이 고의로 망친다	정부가 규제를 강화했기 때문	B	가격상한제의 장기 효과: 공급자 투자 부족 → 공급 감소 → 오히려 소비자가 더 피해.
6	"우리 상품이 비탄력적이므로 세금을 부과해도 괜찮다"는 판단의 오류는?	비탄력적 → 거래량 감소 적음 → 세수는 많지만	세금 부과 자체가 경제적 순손실을 초래한다	비탄력성은 세금 부과의 정당한 근거가 아니다	①②③이 모두 맞다	D	비탄력성은 "세금을 많이 거둬도 거래량이 적게 줄어든다"는 뜻일 뿐, 경제적 순손실을 피할 수 없다.
6	조세의 경제적 순손실이 커지는 조건은?	세금이 작을 때	세금이 클 때	시장이 탄력적일 때	②③이 모두 맞다	D	경제적 순손실 ∝ (세금)² + 탄력성. 세금이 크고 탄력성이 클수록 손실이 크다.
6	"최저임금을 올리면 저숙련 근로자가 가장 많이 영향을 받는다"는 주장은?	틀렸다 (임금이 올라가므로 이득)	맞다 (일자리를 잃을 확률이 높다)	경제학적으로 판단 불가능하다	저숙련 근로자만 피해를 본다	B	저숙련 근로자가 최저임금에 주로 종사하므로, 최저임금 인상으로 인한 실업의 주요 피해자가 된다.
7	후생경제학(Welfare Economics)의 정의로 올바른 것은?	복지 정책만을 연구하는 학문	자원배분과 경제적 후생의 관계를 분석하는 학문	빈곤층을 돕는 방법을 연구하는 학문	정부의 역할을 결정하는 학문	B	후생경제학은 자원이 어떻게 배분되는지가 사회 전체의 경제적 이익(총잉여)에 어떤 영향을 미치는지를 분석한다.
7	지불용의(Willingness to Pay)의 정의로 가장 적절한 것은?	실제로 구매자가 지불하는 금액	소비자가 어떤 재화를 구매하기 위해 기꺼이 지불하려는 최고 금액	판매자가 요구하는 최저 가격	시장 균형에서의 가격	B	지불용의는 소비자의 주관적 가치 평가를 나타낸다. 실제 가격보다 낮을 수도, 높을 수도 있다.
7	소비자잉여(Consumer Surplus)의 정의로 올바른 것은?	구매자가 지불한 총액	지불용의 - 실제 지불 가격	구매자의 총 만족도	판매자와 구매자의 차이	B	소비자잉여는 지불할 의사가 있던 금액과 실제로 지불한 금액의 차이다.
7	생산자잉여(Producer Surplus)의 정의로 올바른 것은?	판매자의 회계 이윤	실제 판매가격 - 생산비용	판매자의 매출액	생산에 드는 시간과 노력	B	생산자잉여 = 판매가격 - 생산 비용 = 경제적 이윤.
7	경제적 이윤(Economic Profit)과 회계이윤(Accounting Profit)의 차이는?	같은 개념이다	경제적 이윤에는 기회비용이 포함된다	회계이윤에는 명시적 비용만 포함된다	②③이 모두 맞다	D	경제적 이윤 = 매출 - (명시적 비용 + 기회비용), 회계이윤 = 매출 - 명시적 비용.
7	총잉여(Total Surplus)의 정의로 올바른 것은?	소비자잉여 + 생산자잉여	정부의 세금 수입	사회 전체의 총 생산량	시장의 총 거래액	A	총잉여는 사회 전체의 경제적 후생을 나타낸다.
7	효율성(Efficiency)의 의미로 올바른 것은?	가장 많이 생산하는 것	가장 저렴한 가격	총잉여를 극대화하는 자원배분	모든 사람이 만족하는 상태	C	효율성은 사회 전체 이익(총잉여)을 최대화하는 것이다. 이것이 반드시 모두를 만족시키는 것은 아니다.
7	형평성(Equity)의 의미로 가장 적절한 것은?	모든 사람이 같은 양을 가지는 것	자원 분배의 공정성 정도	경제적 효율성	정부가 관여하는 정도	B	형평성은 얼마나 공정하게 나누느냐의 문제이며, 효율성과는 독립적이다.
7	다음 상황을 분석하시오: 어떤 소비자의 지불용의가 10,000원이고, 시장가격이 8,000원이면?	소비자잉여는 2,000원	소비자는 구매하지 않는다	소비자잉여는 8,000원	소비자잉여는 -2,000원	A	소비자잉여 = 지불용의 - 실제 가격 = 10,000 - 8,000 = 2,000원.
7	생산 비용이 5,000원인 판매자가 시장가격 8,000원에 판매하면?	생산자잉여는 3,000원	생산자잉여는 8,000원	생산자잉여는 5,000원	생산자잉여는 음수	A	생산자잉여 = 판매가격 - 생산비용 = 8,000 - 5,000 = 3,000원.
7	자유시장 경쟁 균형에서 달성되는 상태는?	모든 소비자가 만족한다	모든 생산자가 이윤을 낸다	총잉여가 극대화된다 (효율적)	모든 사람의 소득이 같아진다	C	자유시장 균형은 효율적이다. 하지만 형평성은 보장하지 않는다.
7	어떤 재화가 과소 생산되면 (시장 균형 이하)?	소비자 모두가 손해본다	생산을 더하면 추가되는 잉여(사회적 편익)가 비용을 초과한다	총잉여가 감소한다	②③이 모두 맞다	D	과소 생산 → 거래이득이 실현되지 않음 → 총잉여 ↓ (비효율적).
7	시장실패(Market Failure)의 원인으로 올바른 것은?	가격이 높다	시장지배력 또는 외부효과	거래량이 많다	정부가 개입하지 않는다	B	시장실패 = 시장이 효율적 자원배분을 실현하지 못하는 경우 → 원인: 시장지배력, 외부효과.
7	긍정적 외부효과(Positive Externality)의 예로 가장 적절한 것은?	한 기업의 공해 배출	한 사람의 예방접종 → 사회 전체 감염 병 감소	다른 기업의 제품 모방	높은 가격으로 인한 소비 감소	B	긍정적 외부효과는 한 사람의 행동이 제3자에게 이롭게 미치는 영향이다.
7	부정적 외부효과(Negative Externality)의 예로 가장 적절한 것은?	기업의 기술 개발 → 산업 발전	한 공장의 공해 배출 → 주변 지역 주민 피해	가격 인상 → 소비자의 소비 감소	경쟁 기업의 고객 탈취	B	부정적 외부효과는 한 사람의 행동이 제3자에게 해를 미치는 영향이다.
7	외부효과가 있을 때 시장 균형이 비효율적인 이유는?	가격이 완벽하게 반영되지 않음	외부효과로 인한 사회 비용이 시장가격에 포함되지 않음	추가 거래이득이 실현되지 않음	②③이 모두 맞다	D	외부효과 → 가격이 사회 비용을 완벽히 반영하지 못함 → 자원배분 왜곡 → 비효율적.
7	총잉여의 관점에서 가장 효율적인 결과를 초래하는 시장구조는?	독점시장	완전경쟁시장	과점시장	독점적 경쟁시장	B	완전경쟁시장에서만 자유 경쟁이 총잉여를 극대화한다.
7	"소비자가 제품을 구매했으므로 만족했다"는 주장은?	항상 맞다 (자발적 거래)	틀렸다 (구매 후 후회할 수 있다)	부분적으로 맞다 (거래 시점의 판단일 뿐)	경제학적으로 판단 불가능하다	C	소비자잉여는 거래 시점의 지불용의와 가격 비교일 뿐, 이후 만족도와는 다를 수 있다.
7	"효율성이 높으면 형평성도 높다"는 주장은?	항상 맞다	틀렸다 (둘은 독립적이다)	부분적으로 맞다	경제학적으로는 판단할 수 없다	B	효율적이어도 극도로 불공정할 수 있고, 공정해도 비효율적일 수 있다.
7	"자유시장 균형은 최선이다"는 주장의 문제점은?	시장실패가 발생하지 않을 수도 있다	시장실패가 발생할 수 있으므로 항상 최선은 아니다	"최선"의 정의가 모호하다 (효율성 vs 형평성)	②③이 모두 맞다	D	완전경쟁이라도 외부효과, 시장지배력 등이 있으면 비효율적이고, "최선"은 가치 판단을 포함한다.
7	"생산자잉여가 크면 기업이 건강하다"는 주장은?	항상 맞다	틀렸다 (단기 수익과 장기 효율성은 다를 수 있다)	기업의 기준에 따라 다르다	생산자잉여 = 회계이윤이므로 맞다	B	생산자잉여(경제적 이윤)는 자원배분의 효율성 지표일 뿐, 기업의 건강도를 완벽히 나타내지 않는다.
7	"시장지배력이 있는 기업은 경제적 이윤을 낸다"는 주장은?	항상 맞다	항상 틀렸다	일반적으로 맞지만 항상은 아니다	기업의 기술 수준에 따라 다르다	C	시장지배력이 있어도 경쟁, 규제, 기술 변화 등으로 인해 이윤을 낼 수 없을 수 있다.
7	"외부효과가 있는 시장에서 정부가 개입하면 반드시 효율성이 증가한다"는 주장은?	맞다	틀렸다 (정부 개입도 실패할 수 있다)	부분적으로 맞다	외부효과의 종류에 따라 다르다	B	정부실패: 정부의 개입도 완벽하지 않으므로, 오히려 상황을 악화시킬 수 있다.
8	경제적 순손실(Deadweight Loss)의 정의로 가장 적절한 것은?	세금으로 인한 재정 적자	세금 부과 후 총잉여의 순 감소	소비자와 생산자의 손실액 합계	세금 수입	B	경제적 순손실은 거래가 위축되면서 실현되지 못한 거래이득이다.
8	세금 부과 시 다음 중 올바른 것은?	조세수입 = 경제적 순손실	조세수입 > 소비자/생산자 잉여 감소액	소비자/생산자 잉여 감소액 > 조세수입 (경제적 순손실 발생)	둘을 비교할 수 없다	C	소비자와 생산자가 잃는 총액이 정부가 거두는 세금보다 크다 → 경제적 순손실 발생.
8	경제적 순손실이 발생하는 원인은?	세금이 불공정해서	세금으로 인해 거래량이 감소하여 거래이득이 실현되지 않음	정부의 낭비	세수가 작아서	B	세금 → 가격 변화 → 거래량 ↓ → 양쪽이 누릴 수 있었던 거래이득이 사라짐.
8	세금과 경제적 순손실의 관계는?	비례 (세금 2배 → 손실 2배)	제곱에 비례 (세금 2배 → 손실 4배)	반비례	무관	B	경제적 순손실 ∝ (세금)². 이는 세금이 높을수록 왜곡이 기하급수적으로 커진다는 뜻.
8	탄력성이 큰 시장에 세금을 부과하면?	거래량이 조금만 감소한다	거래량이 크게 감소하여 경제적 순손실이 크다	세수가 많다	소비자가 거의 피해를 받지 않는다	B	탄력적 시장 → 세금 → 거래량 큰 폭 감소 → 거래이득 많이 상실 → 경제적 순손실 큼.
8	비탄력적인 시장에 세금을 부과하면?	거래량이 크게 감소한다	거래량 감소폭이 작아서 세수는 많지만 경제적 순손실은 작다	경제적 순손실이 크다	경제적 순손실이 없다	B	비탄력적 시장 → 세금 → 거래량 작게 감소 → 세수 많음 + 손실 작음 = 효율적인 세금.
8	레퍼 곡선(Laffer Curve)이 의미하는 것은?	세율이 높을수록 항상 세수가 많다	세율을 0%에서 100%로 올리면 세수도 비례해서 증가한다	어떤 지점까지는 세율 인상 → 세수 증가, 이후 → 세수 감소	세율과 세수는 무관하다	C	레퍼 곡선: 세율이 너무 높으면 거래 왜곡이 심해져서 오히려 세수가 줄어든다.
8	레퍼 곡선 이론의 함의는?	세금을 최대한 거두어야 한다	최적 세율이 존재한다 (100% 아님)	세금을 거두면 안 된다	세율과 세수의 관계를 무시해야 한다	B	세금을 거두되, 경제 왜곡을 최소화하는 최적 세율이 존재한다는 의미.
8	세금 부과 전후의 잉여 변화를 분석하시오:** **부과 전: 소비자잉여 = 1,000, 생산자잉여 = 1,000, 총잉여 = 2,000** **부과 후: 소비자잉여 = 600, 생산자잉여 = 700, 조세수입 = 500** 총잉여 = 600 + 700 = 1,300 경제적 순손실 = 2,000 - 1,300 = 700 ① 경제적 순손실 = 조세수입 ② 경제적 순손실 = 200 ③ 경제적 순손실 = 700 ④ 경제적 순손실 없다 정답: ③ 해설: 경제적 순손실 = (소비자잉여 감소 + 생산자잉여 감소) - 조세수입 = (400 + 300) - 500 = 200? 아니다. 총잉여 감소 = 2,000 - 1,300 = 700이 정답. --- **177. 다음 시나리오를 비교하시오:** **A: 세금 작고, 시장 탄력적** **B: 세금 크고, 시장 비탄력적** 경제적 순손실: ① A > B ② A < B ③ A = B ④ 비교 불가 정답: ② 해설: 경제적 순손실 ∝ (세금)² × 탄력성. B가 세금도 크고... 아니, 비탄력적이면 손실이 작다. A가 탄력적이므로 손실이 크다 (A > B). 실제 계산: - A: (작은 세금)² × 높은 탄력성 = 중정도 손실 - B: (큰 세금)² × 낮은 탄력성 = 큰 손실 (세금의 제곱이 영향 큼) 정정: 조건을 다시 해석하면, B의 세금이 크므로 제곱 효과로 인해 B > A일 가능성 높음. --- **178. "우리는 비탄력적인 산업이므로 세금 부과 후 거래량이 줄어들지 않을 것"이라는 예상은?	맞다 (비탄력적이면 거래량 불변)	거래량은 줄어들지만 세수는 많다	거래량과 세수 모두 감소한다	거래량은 불변이지만 경제적 순손실이 없다	B	비탄력적 → 거래량 감소 작음 → 세수는 상대적으로 많지만 여전히 경제적 순손실 발생.
8	세금의 경제적 비용(경제적 순손실)을 최소화하려면?	세금을 최대한 크게 부과	탄력적인 시장보다 비탄력적인 시장에 세금 부과	거래량이 클수록 좋다	②③이 모두 맞다	B	비탄력적 시장에 세금 → 거래량 감소 적음 → 경제적 순손실 작음. 이것이 "효율적인 세금"의 원리.
8	레퍼 곡선에서 세율이 0%일 때와 100%일 때의 세수는?	0%, 100%에서 모두 0원	0%일 때 0원, 100%일 때 최대	0%일 때 최대, 100%일 때 0원	둘 다 같다	A	세율 0% → 세금 없음 → 세수 0원, 세율 100% → 아무도 일하지 않음 → 세수 0원.
8	어떤 나라가 세율을 계속 올리는데도 세수가 줄어들면?	경제학적으로 타당한 상황이다 (레퍼 곡선 우측 구간)	정부가 세금을 잘못 거둔 것	세금 체계에 문제가 있는 것	경제학적으로 설명 불가능	A	레퍼 곡선의 우측 구간: 세율 인상 → 거래 왜곡 심화 → 세수 감소.
8	"담배세는 좋은 세금이다"는 주장의 이유는?	담배가 해롭기 때문	담배 수요가 비탄력적 → 거래량 감소 적음 → 세수 많음 + 손실 작음	담배 기업의 이윤이 크기 때문	모든 사람에게 공평하기 때문	B	경제학적으로 "효율적인 세금"의 기준은 세수 대비 경제적 순손실 최소화다.
8	세금 부과 시 거래량이 변하지 않으면?	경제적 순손실이 없다	여전히 경제적 순손실이 발생한다	비탄력적인 시장이다	①③이 맞다	C	거래량이 변하지 않으면 → 완전비탄력 → 비탄력적. 하지만 경제적 순손실은 여전히 발생하거나 0일 수도 있다 (거래이득이 이미 극대화된 경우).
8	"세금이 작으면 경제적 순손실도 작다"는 주장의 정확성은?	항상 맞다	일반적으로 맞다 (세금의 제곱에 비례)	항상 틀렸다	탄력성에 따라 다르다	B	경제적 순손실 ∝ (세금)². 세금이 작으면 손실도 일반적으로 작지만, 탄력성의 영향도 크다.
8	"경제적 순손실이 크면 세금 정책이 나쁘다"는 주장은?	항상 맞다	상황에 따라 다르다 (세수와의 비교 필요)	항상 틀렸다	경제학적으로 판단 불가능	B	경제적 순손실이 크더라도 세수 대비 효율성이 높을 수 있고, 사회적 목표(예: 해로운 상품 소비 억제)가 있을 수 있다.
8	레퍼 곡선 이론의 가정 중 가장 현실과 다른 부분은?	세율 100%는 실제로 달성 불가능	경제 주체가 세율 변화에 즉각 반응	개인의 행동 변화가 완벽히 예측 가능	①②③이 모두 현실과 다르다	D	레퍼 곡선은 이론적 모델이며, 실제 경제에서는 더 복잡한 요소들이 작용한다.
8	세금 부과 후 "소비자 + 생산자의 잉여 감소액 < 조세수입"인 경우는?	경제적 순손실이 없다	경제적 순손실이 음수이다 (이득?)	거래이득이 완벽하지 않았다는 의미	①③이 맞다	C	일반적으로 잉여 감소 > 세수이므로 경제적 순손실 발생. 반대의 경우는 매우 드문 상황 (거래이득이 완벽하지 않은 경우).
8	"모든 세금은 경제적 순손실을 초래한다"는 주장의 타당성은?	항상 맞다	일반적으로 맞지만 예외가 있다 (외부효과 보정)	항상 틀렸다	경제학적으로 판단 불가능	B	부정적 외부효과가 있는 재화(예: 담배)에 세금을 부과하면, 세금이 사회 비용을 반영하여 오히려 효율성을 높일 수 있다.
8	레퍼 곡선에서 "최적 세율"을 결정하는 요소는?	세수 극대화 (곡선의 정점)	경제적 순손실 최소화 (곡선의 좌측)	사회의 여러 목표를 고려한 정치적·경제적 판단	③만 타당하다	C	최적 세율은 순수 경제학의 문제가 아니라, 정부의 재정 필요, 사회적 목표, 형평성 등을 종합적으로 고려한 것이다.
9	국제가격(World Price)과 국내가격(Domestic Price)의 관계를 분석할 때 중요한 것은?	둘의 차이가 큼/작음	국내가격과 국제가격의 대소 비교	국내가격이 절대적으로 높음/낮음	가격의 절대값	B	비교우위 판단은 가격 비교에서 나온다 (제3장과 동일).
9	소규모개방경제(Small Open Economy)의 정의로 가장 적절한 것은?	인구가 적은 경제	GDP가 작은 경제	국제가격에 영향을 미치지 못하는 경제	개발도상국 경제	C	소규모개방경제는 국제가격의 가격수용자다 (가격을 받아들이기만 함).
9	국내가격 < 국제가격인 재화는?	수입국	수출국	비교우위가 없는 국가	절대우위가 있는 국가	B	국내가격이 낮다 = 생산비용이 낮다 = 비교우위 있음 = 수출국.
9	무역 개시 후 수출국에서 발생하는 현상은?	소비자잉여 증가, 생산자잉여 감소	소비자잉여 감소, 생산자잉여 증가	둘 다 증가	둘 다 감소	B	수출국 → 가격 ↑ → 소비자 피해 (잉여 ↓), 생산자 이득 (잉여 ↑).
9	무역 개시 후 수입국에서 발생하는 현상은?	소비자잉여 증가, 생산자잉여 감소	소비자잉여 감소, 생산자잉여 증가	둘 다 증가	둘 다 감소	A	수입국 → 가격 ↓ → 소비자 이득 (잉여 ↑), 생산자 피해 (잉여 ↓).
9	관세(Tariff)의 정의로 올바른 것은?	수출품에 부과하는 세금	수입품에 부과하는 세금	국제 거래 모두에 부과하는 세금	정부의 모든 세금	B	관세는 수입품 보호 정책의 일환이다.
9	관세 부과 후 국내 가격은?	국제가격으로 하락	국제가격과 동일	국제가격보다 상승	변하지 않음	C	관세 → 수입품 가격 ↑ → 국내 가격도 국제가격보다 상승.
9	무역의 경제학적 결론은?	무역은 한 쪽에만 이득	무역은 양쪽 모두에 이득 (총잉여 증가)	무역은 경제에 해로움	무역의 득과 실은 동일	B	무역 → 특화 → 생산량 증가 → 양쪽 모두 더 소비 가능 = 양쪽 이득.
9	다음 상황을 분석하시오:** **국제가격: 쌀 = 1,000원/kg** **한국 국내가격 (무역 전): 쌀 = 1,500원/kg	한국이 수출국	한국이 수입국	한국이 쌀 생산을 중단해야 함	무역이 불가능	B	국내가격 > 국제가격 → 비교우위 없음 → 수입국.
9	위의 상황에서 무역 개시 후 일어나는 현상은?	한국의 쌀 생산 증가	한국의 쌀 가격 상승	한국의 쌀 수입 증가	한국의 쌀 생산자 모두 이득	C	국내가격(1,500원) → 국제가격(1,000원)으로 하강 → 한국 소비자가 저렴하게 구매 → 수입 증가.
9	관세 부과 시 국내 생산량과 소비량의 변화는?	생산량 증가, 소비량 증가	생산량 증가, 소비량 감소	생산량 감소, 소비량 증가	생산량 감소, 소비량 감소	B	관세 → 가격 ↑ → 국내 생산자는 더 생산, 소비자는 덜 소비.
9	관세 부과의 결과로 발생하는 문제는?	국내 소비자 피해	국내 생산자 이득	총잉여 감소 (경제적 순손실)	①③이 모두 맞다	D	관세 = 세금과 유사한 효과 → 총잉여 감소, 소비자 피해, 생산자 이득.
9	"국가 전체의 무역 총잉여는 증가하는데, 왜 무역을 반대하는가?"라는 질문에 답하면?	무역 반대론자가 틀렸다	무역으로 인한 분배 문제 (일부 산업/근로자 피해)	국가 전체의 이득보다 개인의 피해가 중요할 수 있다	②③이 모두 맞다	D	경제학적으로 무역은 효율성을 높이지만, 현실의 정치·사회적 이슈(근로자 실업, 산업 공동화)가 있다.
9	무역제한 옹호 논리 중 가장 정당한 것은?	국내 산업이 쇠퇴하므로 보호해야 한다	국가안보가 중요한 산업은 보호 필요 (예: 식량, 에너지)	선진국과 경쟁하면 항상 진다	무역 수지를 맞춰야 한다	B	유치산업 보호, 일자리 유지, 협상 카드 등도 있지만, 가장 명확한 근거는 국가안보다.
9	관세를 부과해도 국제가격이 변하지 않는 이유는?	관세가 너무 작아서	소규모개력창경제는 국제가격 영향 불가능	정부가 관세를 제때 걷지 않아서	세계 수요·공급이 한 국가의 관세로 바뀌지 않음	D	소규모개방경제의 특성: 개별 국가는 국제가격의 가격수용자.
9	"우리 산업을 보호하기 위해 관세를 올렸다"는 정책의 경제학적 평가는?	좋은 정책이다 (산업 보호)	단기 효과는 있으나 장기 효과는 부정적일 수 있다 (보호에 의존)	총잉여는 감소한다 (비효율)	②③이 모두 맞다	D	관세는 일시적 보호만 가능하고, 장기적으로는 산업 경쟁력 약화 + 경제적 순손실 초래.
9	"절대우위가 없으면 무역할 수 없다"는 주장은?	맞다 (제3장 학습)	틀렸다 (비교우위가 있으면 가능)	부분적으로 맞다	경제학적으로 판단 불가능	B	제3장의 리카르도 비교우위론과 동일. 절대우위 없어도 비교우위 있으면 교역 가능.
9	"수입국의 생산자는 항상 무역에 반대한다"는 주장의 정확성은?	항상 맞다	일반적으로 맞지만 예외가 있다 (비교우위 있는 경우)	항상 틀렸다	산업에 따라 다르다	D	수입국이어도 자신의 산업이 비교우위를 가지면 수출할 수 있다. 모든 재화에서 수입국인 경우는 드물다.
9	관세 부과로 생기는 정부 수입과 경제적 순손실의 관계는?	정부 수입 > 경제적 순손실	정부 수입 < 경제적 순손실	정부 수입 = 경제적 순손실	무관	B	조세와 동일. 소비자·생산자의 손실이 정부 수입보다 크다.
9	"무역으로 모든 사람이 이득을 본다"는 주장의 문제점은?	틀렸다 (누구나 이득을 본다)	총잉여는 증가하지만, 피해자도 발생한다 (분배 문제)	경제학적으로 증명 불가능	선진국에만 해당	B	무역의 경제학적 결론 = 총잉여 증가, 하지만 현실 = 일부 근로자·산업 피해 (분배 문제).
9	유치산업 보호(Infant Industry Argument)의 문제점은?	논리 자체가 틀렸다	보호가 영구적이 될 수 있다 (철수 불가능)	비효율적 산업도 보호될 수 있다	②③이 모두 맞다	D	이론적으로는 타당하지만, 실제 정치 경제에서는 보호가 지속되는 경향 있음.
9	국제가격이 국내 균형가격보다 높을 때의 분석은?	이 재화에 수출 비교우위 있음	국내 가격이 올라갈 것	무역 개시 후 국내 생산 증가, 소비 감소	①②③이 모두 맞다	D	이는 수출국의 특성 분석이다.
9	"무역이 나라 전체에 이롭지만, 개별 근로자의 일자리를 빼앗는다"는 주장을 경제학적으로 평가하면?	맞다 (총잉여 증가 vs 실업 증가의 상충)	틀렸다 (다른 일자리가 생긴다)	장기 vs 단기로 구분 필요 (장기에 새 일자리 창출)	①③이 모두 타당하다	D	경제학적으로 총잉여는 증가하지만, 현실의 조정 과정에서 실업 발생 가능. 장기에는 재배치되지만 단기 고통은 실제.
